{
  "generation": 344,
  "best_score": 99.73333333333333,
  "timestamp": "2026-04-02T17:28:17.652609",
  "is_ci": false
}